"URL","Giá","Diện tích","Đường","Phường","Quận","Thành phố","Loại BDS","Chiều ngang","Chiều dài","Hướng","Đường trước nhà","Số lầu","Số phòng ngủ","Phòng ăn","Nhà bếp","Sân thượng","Chỗ để xe hơi","Chính chủ"
"https://alonhadat.com.vn/-sup-ham-giam-1-1-ty-ban-nhanh-nha-3-tang-mat-pho-han-quoc-sat-bien-my-khe-cau-gia-6xty-16362018.html","6,9 tỷ","72 m2","Đường Phạm Quang Ảnh","Phường An Hải Nam","Quận Sơn Trà","Đà Nẵng","Nhà mặt tiền","4m","16m","Đông","5,5m","3","3","Có","Có","Có","Có","---"
"https://alonhadat.com.vn/ban-nha-mat-tien-duong-5-5-m-tieu-la-phuong-hoa-cuong-bac-16361929.html","6 tỷ","70 m2","Đường Tiểu La","Phường Hòa Cường Bắc","Quận Hải Châu","Đà Nẵng","Nhà mặt tiền","5m","14m","_","5,5m","2","3","Có","Có","Có","Có","---"
"https://alonhadat.com.vn/chi-6-ty-xx-so-huu-ngay-nha-2-tang-mat-tien-kinh-doanh-nguyen-luong-bang-gan-16361901.html","6,79 tỷ","125 m2","Đường Nguyễn Lương Bằng","Phường Hòa Khánh Bắc","Quận Liên Chiểu","Đà Nẵng","Nhà mặt tiền","5m","25m","_","30m","2","3","Có","Có","---","---","---"
"https://alonhadat.com.vn/-lo-goc-ba-huyen-thanh-quan-dt-90m2-ngang-8-5m-nha-c4-3-phong-tro-dong-tien-7tr-t-16358902.html","7,5 tỷ","90 m2","Đường Bà Huyện Thanh Quan","Phường Mỹ An","Quận Ngũ Hành Sơn","Đà Nẵng","Nhà trong hẻm","8,5m","11m","_","5m","1","3","Có","Có","---","Có","---"
"https://alonhadat.com.vn/-ban-dat-tang-nha-dt-139m2-ngang-7-6m-o-to-dau-truoc-nha-gia-13-5-ty-tl-16359274.html","13,5 tỷ","139 m2","Đường Nguyễn Văn Thoại","Phường Phước Mỹ","Quận Sơn Trà","Đà Nẵng","Nhà trong hẻm","7,6m","19m","_","6m","1","2","---","---","---","Có","---"
"https://alonhadat.com.vn/ban-nha-kiet-2m5-nguyen-tat-thanh-45m2-no-hau-dep-gan-bien-cho-hai-san-chi-1-95-ty-16361841.html","1,95 tỷ","45 m2","Đường Nguyễn Tất Thành","Phường Xuân Hà","Quận Thanh Khê","Đà Nẵng","Nhà trong hẻm","4,5m","10m","_","2,5m","1","1","Có","Có","---","---","---"
"https://alonhadat.com.vn/ban-nha-dep-kiet-o-to-duong-to-hieu-16361803.html","3,35 tỷ","60 m2","Đường Tôn Đản","Phường Hòa An","Quận Cẩm Lệ","Đà Nẵng","Nhà trong hẻm","---","---","_","5m","3","3","---","---","---","---","---"
"https://alonhadat.com.vn/day-tro-dong-tien-bien-my-khe-che-lan-vien-quan-ngu-hanh-son-95m2-ngang-7m-chi-5-ty-9-16361739.html","5,9 tỷ","95 m2","Đường Chế Lan Viên","Phường Mỹ An","Quận Ngũ Hành Sơn","Đà Nẵng","Nhà trong hẻm","7m","---","_","3m","2","7","Có","Có","Có","Có","---"
"https://alonhadat.com.vn/ban-nha-sieu-dep-pham-van-nghi-gia-cuc-tot-16361670.html","9,35 tỷ","58 m2","Đường Phạm Văn Nghị","Phường Thạc Gián","Quận Thanh Khê","Đà Nẵng","Nhà mặt tiền","5m","12m","_","7m","4","4","---","---","---","---","---"
"https://alonhadat.com.vn/nha-dep-3-tang-mat-tien-pho-du-lich-duong-tri-trach-ngay-bien-pham-van-dong-16361516.html","8,5 tỷ","75 m2","Đường Dương Trí Trạch","Phường An Hải Bắc","Quận Sơn Trà","Đà Nẵng","Nhà mặt tiền","5m","15m","_","5,5m","3","4","Có","Có","Có","Có","---"
"https://alonhadat.com.vn/ho-khau-thach-thang-quan-hai-chau-nha-2-tang-nguyen-du-70m2-ngang-9m-chi-3-ty-2-16361502.html","3,2 tỷ","70 m2","Đường Nguyễn Du","Phường Thạch Thang","Quận Hải Châu","Đà Nẵng","Nhà trong hẻm","9m","---","_","2,5m","2","3","Có","Có","Có","Có","---"
"https://alonhadat.com.vn/ban-nha-goc-2mt-duong-tu-giang-nam-viet-a-ngu-hanh-son-da-nang-15326219.html","11,5 tỷ","149 m2","Đường Dương Tử Giang","Phường Khuê Mỹ","Quận Ngũ Hành Sơn","Đà Nẵng","Nhà mặt tiền","8,5m","18m","_","7m5m","1","2","---","---","---","---","---"
"https://alonhadat.com.vn/nha-kiet-m-duong-nhua-han-huy-tap-thanh-khe-tp-da-nang-16361426.html","3,95 tỷ","52 m2","Đường Hà Huy Tập","Phường Xuân Hà","Quận Thanh Khê","Đà Nẵng","Nhà trong hẻm","4m","19m","Đông","7m","3","3","Có","Có","Có","Có","---"
"https://alonhadat.com.vn/son-tra-toa-can-ho-6-tang-san-dong-tien-khai-thac-70-tr-thang-sat-bien-16361390.html","17 tỷ","90 m2","Đường Lê Thước","Phường Phước Mỹ","Quận Sơn Trà","Đà Nẵng","Nhà mặt tiền","5m","18m","_","5,5m","6","10","---","---","---","---","---"
"https://alonhadat.com.vn/can-ban-nha-mat-tien-le-dai-hoa-cuong-bac-hai-chau-15608776.html","6,2 tỷ","82 m2","Đường Lê Đại","Phường Hòa Cường Nam","Quận Hải Châu","Đà Nẵng","Nhà mặt tiền","5m","16,5m","Tây","5,5m","2","3","---","---","---","---","---"
"https://alonhadat.com.vn/nha-mat-tien-duong-pham-dinh-ho-lien-chieu-tp-da-nang-16361373.html","6,8 tỷ","100 m2","Đường Phạm Đình Hổ","Phường Hòa Minh","Quận Liên Chiểu","Đà Nẵng","Nhà mặt tiền","5m","20m","Tây Bắc","7,5m","3","4","Có","Có","Có","Có","---"
"https://alonhadat.com.vn/my-an-7-ban-dat-tang-kem-nha-san-dong-tien-cho-thue-gia-tot-chi-7-2-ty-16361371.html","7,2 tỷ","100 m2","Đường Mỹ An 7","Phường Mỹ An","Quận Ngũ Hành Sơn","Đà Nẵng","Nhà mặt tiền","5m","20m","_","5,5m","1","2","---","---","---","---","---"
"https://alonhadat.com.vn/chinh-chu-gui-ban-nha-mat-tien-ngo-tat-to-hoa-cuong-bac-hai-chau-15910767.html","10 tỷ","95 m2","Đường Ngô Tất Tố","Phường Hòa Cường Nam","Quận Hải Châu","Đà Nẵng","Nhà mặt tiền","5m","19m","Đông","10m","3","3","---","---","---","---","---"
"https://alonhadat.com.vn/-cuc-hot-gia-re-nhat-nha-kieng-co-huynh-ngoc-hue-thanh-khe-gac-lung-duc-gan-cho-16361370.html","2,25 tỷ","48 m2","Đường Huỳnh Ngọc Huệ","Phường Thanh Khê Tây","Quận Thanh Khê","Đà Nẵng","Nhà trong hẻm","4m","12m","_","2m","2","2","Có","Có","---","---","---"
"https://alonhadat.com.vn/ban-nha-mat-tien-binh-an-7-hai-chau-70m2-gia-6-ty-16361181.html","6 tỷ","70 m2","Đường Bình An","Phường Hòa Cường Bắc","Quận Hải Châu","Đà Nẵng","Nhà mặt tiền","5m","14m","Đông Bắc","6m","3","2","Có","Có","Có","Có","---"
"https://alonhadat.com.vn/lo-goc-nga-4-re-nhat-huynh-tan-phat-dt-125-m2-gia-chi-110-trieu-m2-16150100.html","14 tỷ","125 m2","Đường Huỳnh Tấn Phát","Phường Hòa Cường Bắc","Quận Hải Châu","Đà Nẵng","Nhà mặt tiền","6m","20m","_","105m","3","4","Có","Có","Có","Có","---"
"https://alonhadat.com.vn/nha-3-tang-re-nhat-mtkd-nguyen-van-thoai-dt-gan-100-m2-gia-chi-160-trieu-m2-16152135.html","16,5 tỷ","98 m2","Đường Nguyễn Văn Thoại","Phường Phước Mỹ","Quận Sơn Trà","Đà Nẵng","Nhà mặt tiền","4m","22m","_","15m","3","4","Có","Có","Có","Có","---"
"https://alonhadat.com.vn/sup-ham-mtkd-hoang-dieu-ban-dat-tang-nha-174m2-gia-16-ty-tl-16363116.html","16 tỷ","174 m2","Đường Hoàng Diệu","Phường Hòa Thuận Đông","Quận Hải Châu","Đà Nẵng","Nhà mặt tiền","4m","44m","_","1m","1","2","Có","Có","Có","Có","---"
"https://alonhadat.com.vn/toa-6-tang-mtkd-hoang-dieu-dong-tien-700-trieu-nam-gia-nhinh-15-ty-16360271.html","15,6 tỷ","62 m2","Đường Hoàng Diệu","Phường Nam Dương","Quận Hải Châu","Đà Nẵng","Nhà mặt tiền","5,5m","12m","_","105m","6","5","Có","Có","Có","Có","---"
"https://alonhadat.com.vn/ban-dat-tang-biet-thu-pho-bien-dt-hon-500m2-gia-dau-tu-chi-28-ty-16355611.html","28 tỷ","504 m2","Đường Ngũ Hành Sơn","Phường Mỹ An","Quận Ngũ Hành Sơn","Đà Nẵng","Nhà mặt tiền","13m","32m","_","6m","2","5","Có","Có","Có","Có","---"
"https://alonhadat.com.vn/ban-nha-gac-duc-kiet-dung-sy-thanh-khe-chi-2-6-ty-16365146.html","2,65 tỷ","69 m2","Đường Dũng Sĩ Thanh Khê","Phường Thanh Khê Tây","Quận Thanh Khê","Đà Nẵng","Nhà trong hẻm","5m","---","_","3m","1","2","Có","---","Có","---","---"
"https://alonhadat.com.vn/ban-nha-2-5-tang-mat-tien-duong-10m5-nui-thanh-co-hoi-dau-tu-sinh-loi-cao-16365139.html","8,6 tỷ","62 m2","Đường Núi Thành","Phường Hòa Cường Nam","Quận Hải Châu","Đà Nẵng","Nhà mặt tiền","4,8m","14m","_","33m","3","2","---","---","---","---","---"
"https://alonhadat.com.vn/-ban-nha-full-noi-that-122m2-4ty7-hoang-dieu-hai-chau-trung-tam-da-nang-16365043.html","4,85 tỷ","122 m2","Đường Hoàng Diệu","Phường Hải Châu","Quận Hải Châu","Đà Nẵng","Nhà trong hẻm","---","---","_","3m","2","3","Có","Có","Có","---","---"
"https://alonhadat.com.vn/ban-nha-2-tang-mat-tien-ham-nghi-gan-nguyen-van-linh-sach-dep--15912586.html","18,5 tỷ","86 m2","Đường Hàm Nghi","Phường Thạc Gián","Quận Thanh Khê","Đà Nẵng","Nhà mặt tiền","4,5m","19m","Đông","15m","2","3","Có","Có","Có","Có","---"
"https://alonhadat.com.vn/-ban-nha-3-tang-doi-dien-bv-da-khoa-da-nang-duong-hai-phong-dt-130m2-gia-27-5-ty-tl-16307187.html","23,5 tỷ","130 m2","hải phòng","thạch thang","hải châu Đường Hải Phòng","Phường Thạch Thang","Nhà mặt tiền","5m","26m","Bắc","10,m","3","3","Có","Có","Có","Có","---"
"https://alonhadat.com.vn/-sieu-pham-mt-nui-thanh-doi-dien-quang-truong-2-9-dt-345m2-ngang-hon-10m-no-hau-dep--16364986.html","43 tỷ","343 m2","Đường Núi Thành","Phường Hòa Cường Bắc","Quận Hải Châu","Đà Nẵng","Nhà mặt tiền","10,6m","34m","_","15m","1","1","---","---","---","---","---"
"https://alonhadat.com.vn/-ban-nha-moi-dep-5-tang-mat-tien-duong-trung-nu-vuong-doan-dong-duc-14522632.html","10,95 tỷ","95 m2","Đường Trưng Nữ Vương","Phường Phước Ninh","Quận Hải Châu","Đà Nẵng","Nhà mặt tiền","---","---","_","11m","5","6","---","---","---","---","---"
"https://alonhadat.com.vn/-cuc-re-ban-nha-mat-tien-duong-an-thuong-khu-dong-dan-cu-gan-dhkt-14372677.html","5,2 tỷ","68 m2","Đường An Thượng 18","Phường Mỹ An","Quận Ngũ Hành Sơn","Đà Nẵng","Nhà mặt tiền","---","---","_","6m","2","2","---","---","---","---","---"
"https://alonhadat.com.vn/-ban-gap-nha-sieu-dep-duong-tien-son-8-trung-tam-hai-chau-gan-bv-mat-16364311.html","6,7 tỷ","79 m2","Đường Tiên Sơn 8","Phường Hòa Cường Nam","Quận Hải Châu","Đà Nẵng","Nhà mặt tiền","---","---","_","5,5m","3","4","---","---","---","---","---"
"https://alonhadat.com.vn/-ban-nha-sieu-dep-duong-tran-van-du-ngang-7-5m-phu-hop-kd-moi-loai-hinh-16358676.html","16,5 tỷ","112 m2","Đường Trần Văn Dư","Phường Mỹ An","Quận Ngũ Hành Sơn","Đà Nẵng","Nhà mặt tiền","---","---","_","7,5m","3","5","---","---","---","---","---"
"https://alonhadat.com.vn/-can-tien-ban-nhanh-toa-can-ho-9pn-full-noi-that-duong-hoang-cong-chat-gan-bien-16357898.html","9,5 tỷ","100 m2","Đường Hoàng Công Chất","Phường Khuê Mỹ","Quận Ngũ Hành Sơn","Đà Nẵng","Nhà mặt tiền","---","---","_","5,5m","9","9","---","---","---","---","---"
"https://alonhadat.com.vn/toa-nha-5-tang-mt-tran-van-du-ngu-hanh-son-dt-100m2-11-3ty--16364940.html","11,3 tỷ / m2","100 m2","Đường Trần Văn Dư","Phường Khuê Mỹ","Quận Ngũ Hành Sơn","Đà Nẵng","Nhà mặt tiền","5m","20m","_","5,5m","5","5","---","---","---","---","---"
"https://alonhadat.com.vn/ban-nha-3-tang-kiet-304-dien-bien-phu-16364930.html","2,95 tỷ","74 m2","Đường Điện Biên Phủ","Phường Chính Gián","Quận Thanh Khê","Đà Nẵng","Nhà trong hẻm","---","---","_","2m","3","3","---","---","---","---","---"
"https://alonhadat.com.vn/sieu-pham-biet-thu-3-tang-nam-viet-a-khong-gian-ly-tuong-dang-cap-sang-trong-16341917.html","12 tỷ","160 m2","Đường Lê Văn Hiến","Phường Khuê Mỹ","Quận Ngũ Hành Sơn","Đà Nẵng","Nhà mặt tiền","---","---","_","5,5m","3","5","Có","Có","Có","Có","---"
"https://alonhadat.com.vn/-lo-goc-2-mat-tien-duong-25m-10-5m-biet-thu-go-cao-cap-gia-chi-16-x-ty--16363268.html","16,8 tỷ","150 m2","Đường Trần Thánh Tông","Phường Nại Hiên Đông","Quận Sơn Trà","Đà Nẵng","Nhà mặt tiền","7,5m","20m","_","105m","3","5","---","---","---","---","---"
"https://alonhadat.com.vn/-ban-nha-3-tang-moi-trung-tam-quan-lien-chieu--16364862.html","4,9 tỷ","90 m2","Đường Hòa Nam 11","Phường Hòa Minh","Quận Liên Chiểu","Đà Nẵng","Nhà mặt tiền","18m","5m","_","5,5m","3","3","Có","Có","Có","Có","---"
"https://alonhadat.com.vn/ban-nha-cap-4-kiet-nui-thanh-vi-tri-dep-gan-cau-tran-thi-ly-16359568.html","3,65 tỷ","96 m2","Đường Núi Thành","Phường Hải Châu","Quận Hải Châu","Đà Nẵng","Nhà trong hẻm","---","---","_","2Mm","1","2","---","---","---","---","---"
"https://alonhadat.com.vn/ban-dat-tang-nha-cap-4-kiet-3m-binh-ky-gan-cho-giao-thong-thuan-tien-16360333.html","2,55 tỷ","139 m2","Đường Bình Kỳ","Phường Hòa Quý","Quận Ngũ Hành Sơn","Đà Nẵng","Nhà trong hẻm","---","---","_","3Mm","1","3","---","---","---","---","---"
"https://alonhadat.com.vn/-ban-nha-mat-pho-duong-pham-banh-phuong-hoa-xuan-quan-cam-le-dt-79-m2-gia-4-69-ty-16364834.html","4,69 tỷ","79 m2","Đường Phạm Bành","Phường Hòa Xuân","Quận Cẩm Lệ","Đà Nẵng","Nhà mặt tiền","5m","15,8m","Tây","5,5m","3","3","Có","Có","Có","Có","---"
"https://alonhadat.com.vn/nha-pho-bien-duong-luu-quang-thuan-ngay-bien-my-khe-gan-ho-xuan-huong-87m2-6-7-ty-16364404.html","6,7 tỷ","87 m2","Đường Lưu Quang Thuận","Phường Mỹ An","Quận Ngũ Hành Sơn","Đà Nẵng","Nhà trong hẻm","6,1m","---","_","5m","1","1","Có","Có","Có","Có","---"
"https://alonhadat.com.vn/-nha-2-tang-5-8-ty-duong-huy-can-76m2-mt-4-5m-kinh-doanh-ly-tuong-16360881.html","5,8 tỷ","76 m2","Đường Huy Cận","Phường Hòa Cường Bắc","Quận Hải Châu","Đà Nẵng","Nhà mặt tiền","4,5m","17m","_","5,5m","2","4","Có","Có","Có","Có","---"
"https://alonhadat.com.vn/nha-mat-tien-trieu-nu-vuong-85m2-3-tang-ngang-6-3m-trung-tam-da-nang-17-ty-co-tl-15301947.html","17 tỷ","85 m2","Đường Triệu Nữ Vương","Phường Hải Châu","Quận Hải Châu","Đà Nẵng","Nhà mặt tiền","6,3m","---","_","7,5m","3","4","---","---","---","---","---"
"https://alonhadat.com.vn/nha-mat-tien-doan-huu-trung-gan-ubnd-phuong-hoa-an-106m2-3-tang-5-8-ty-15916776.html","5,8 tỷ","106 m2","Đường Đoàn Hữu Trưng","Phường Hòa An","Quận Cẩm Lệ","Đà Nẵng","Nhà mặt tiền","5m","---","_","7,5m","3","4","---","---","---","---","---"
"https://alonhadat.com.vn/ban-nha-mat-pho-nam-viet-a-da-phuoc-9-103m-3-tang-mt-6m-7-1-ty-16228285.html","6,95 tỷ","103 m2","Đường Đa Phước 9","Phường Khuê Mỹ","Quận Ngũ Hành Sơn","Đà Nẵng","Nhà mặt tiền","6m","---","_","7,5m","3","3","---","---","---","---","---"
"https://alonhadat.com.vn/nha-chinh-huu-95m2-2-tang-gan-bien-khu-du-lich-no-hau-5-2-ty-15920197.html","5,2 tỷ","95 m2","Đường Chính Hữu","Phường An Hải Bắc","Quận Sơn Trà","Đà Nẵng","Nhà trong hẻm","5m","---","_","3m","2","3","---","---","---","---","---"
"https://alonhadat.com.vn/ban-dat-tang-nha-c4-71m2-k-phan-thanh-thac-gian-thanh-khe-15912962.html","3,6 tỷ","71 m2","Đường Phan Thanh","Phường Thạc Gián","Quận Thanh Khê","Đà Nẵng","Nhà trong hẻm","---","---","_","3m","1","2","---","---","---","---","---"
"https://alonhadat.com.vn/ban-nha-dt-5m-20m-100m2-2-25-ty-kiet-bui-xuong-trach-khue-trung-cam-le-12677079.html","2,3 tỷ","100 m2","Đường Bùi Xương Trạch","Phường Khuê Trung","Quận Cẩm Lệ","Đà Nẵng","Nhà trong hẻm","5m","20m","Nam","2,5m","1","3","Có","Có","---","---","---"
"https://alonhadat.com.vn/lo-goc-hai-mat-tien-sat-mai-thuc-lan-vi-tri-qua-dep-my-khe-vai-buoc-chan--16230284.html","8,5 tỷ","70 m2","Đường Mai Thúc Lân","Phường Mỹ An","Quận Ngũ Hành Sơn","Đà Nẵng","Nhà trong hẻm","4,7m","15m","_","6m","3","3","Có","Có","Có","Có","---"
"https://alonhadat.com.vn/sieu-pham-hiem-nha-2-tang-mat-tien-duong-7-5m-sat-cau-song-han-chi-8-ty-16353995.html","8,58 tỷ","100 m2","Đường Đỗ Huy Uyển","Phường An Hải Bắc","Quận Sơn Trà","Đà Nẵng","Nhà mặt tiền","5m","---","_","7,5m","3","3","---","---","---","---","---"
"https://alonhadat.com.vn/1-can-duy-nhat-gia-tot-nhat-khu-vuc-hoa-cuong-bac-hai-chau-chi-7-3-ty-16354314.html","7,3 tỷ","80 m2","Đường Tân An 4","Phường Hòa Cường Bắc","Quận Hải Châu","Đà Nẵng","Nhà mặt tiền","5m","---","_","7,5m","3","3","---","---","---","---","---"
"https://alonhadat.com.vn/ban-nha-dep-3-tang-trung-tam-du-lich-bien-quan-son-tra-chy-8-5-ty-16351880.html","8,5 tỷ","75 m2","Đường Dương Trí Trạch","Phường An Hải Bắc","Quận Sơn Trà","Đà Nẵng","Nhà mặt tiền","5m","---","_","5,5m","3","4","---","---","---","---","---"
"https://alonhadat.com.vn/cuc-hot-nha-mat-pho-ta-my-duat-ngay-khu-pho-han-san-dong-tien-nhinh-10-9-ty-16351713.html","10,9 tỷ","87 m2","Đường Tạ Mỹ Duật","Phường An Hải Bắc","Quận Sơn Trà","Đà Nẵng","Nhà mặt tiền","5m","---","_","5,5m","4","4","---","---","---","---","---"
"https://alonhadat.com.vn/dang-thai-than-nha-2-tang-moi-kiet-oto-6m-trung-tam-quan-ngu-hanh-son-16362613.html","3,6 tỷ","60 m2","Đường Đặng Thái Thân","Phường Hòa Hải","Quận Ngũ Hành Sơn","Đà Nẵng","Nhà trong hẻm","7,5m","8m","_","6m","2","2","Có","Có","---","Có","---"
"https://alonhadat.com.vn/sieu-hiem-kiet-oto-tranh-ha-bong-nha-2-tang-65m2-sat-bien-my-khe-gia-chi-7-x-ty-16358040.html","7,2 tỷ","65 m2","Đường Hà Bổng","Phường An Hải Nam","Quận Sơn Trà","Đà Nẵng","Nhà trong hẻm","4,5m","13m","_","5,5m","2","3","Có","Có","Có","Có","---"
"https://alonhadat.com.vn/ban-dat-tang-nha-cap-4-duong-vu-mien-thuoc-nam-cam-le-hoa-phuoc-16364728.html","3,15 tỷ","100 m2","Đường Vũ Miên","Xã Hòa Phước","Huyện Hòa Vang","Đà Nẵng","Nhà mặt tiền","5m","20m","Tây","5,5m","1","2","---","---","---","---","---"
"https://alonhadat.com.vn/nha-mat-tien-do-quang-gan-nguyen-van-linh-16257153.html","11,8 tỷ","90 m2","Đường Đỗ Quang","Phường Vĩnh Trung","Quận Thanh Khê","Đà Nẵng","Nhà mặt tiền","5m","17,5m","_","8m","3","5","Có","Có","Có","Có","---"
"https://alonhadat.com.vn/nha-3-tang-mat-kiet-o-to-do-quang-canh-bo-ho-ham-nghi-16302504.html","5,5 tỷ","51 m2","Đường Đỗ Quang","Phường Vĩnh Trung","Quận Thanh Khê","Đà Nẵng","Nhà mặt tiền","4m","12,8m","_","6m","3","3","Có","Có","Có","Có","---"
"https://alonhadat.com.vn/ban-nha-3-tang-goc-2-mat-tien-khuc-hao-le-canh-tuan-son-tra-da-nang-gia-15-ty-5-tl-16360707.html","15,5 tỷ","155 m2","Đường Khúc Hạo","Phường Nại Hiên Đông","Quận Sơn Trà","Đà Nẵng","Nhà mặt tiền","8m","20m","Tây Nam","11m","3","4","Có","Có","Có","Có","---"
"https://alonhadat.com.vn/ban-nha-3-tang-2-mat-tien-truoc-sau-mat-tien-truong-chinh-va-tran-thai-tong-7m5--16360913.html","8 tỷ","116 m2","Đường Trường Chinh","Phường An Khê","Quận Thanh Khê","Đà Nẵng","Nhà mặt tiền","6,8m","17m","Tây Nam","30m","3","4","Có","Có","Có","Có","---"
"https://alonhadat.com.vn/-duong-7-5m-le-4m-tran-van-du-phuong-my-an-quan-ngu-16221687.html","18,3 tỷ","230 m2","Đường Trần Văn Dư","Phường Mỹ An","Quận Ngũ Hành Sơn","Đà Nẵng","Nhà mặt tiền","8,5m","27m","Bắc","7m","---","8","---","---","---","---","---"
"https://alonhadat.com.vn/-ban-nha-nguyen-duy-hieu-vi-tri-dac-dia-kinh-doanh-dinh-dien-tich-184m-ng-16038983.html","18,3 tỷ","184 m2","Đường Nguyễn Duy Hiệu","Phường Phước Mỹ","Quận Sơn Trà","Đà Nẵng","Nhà mặt tiền","8m","22m","Bắc","7m","---","4","Có","Có","Có","Có","---"
"https://alonhadat.com.vn/ban-dat-bien-tang-day-tro-sat-duong-phan-tu-le-quang-dao-dien-tich-267m-ngang-1-16279249.html","19,5 tỷ","267 m2","Đường Mỹ Đa Đông 12","Phường Mỹ An","Quận Ngũ Hành Sơn","Đà Nẵng","Nhà trong hẻm","10m","27m","Nam","4m","---","10","Có","Có","Có","Có","---"
"https://alonhadat.com.vn/-nha-trung-tam-quan-hai-chau-nam-tien-duong-phan-trong-tue-16364582.html","6,5 tỷ","70 m2","Đường Phan Trọng Tuệ","Phường Hòa Cường Nam","Quận Hải Châu","Đà Nẵng","Nhà mặt tiền","---","---","_","5,5m","3","3","Có","Có","---","Có","---"
"https://alonhadat.com.vn/-ban-nha-duong-ong-ich-khiem-pho-khong-ngu-dong-tien-30-trieu-thang--15831597.html","14,5 tỷ","96 m2","122 Đường Ông Ích Khiêm","Phường Thạch Thang","Quận Hải Châu","Đà Nẵng","Nhà mặt tiền","4m","24m","_","7,5m","3","4","Có","Có","Có","Có","---"
"https://alonhadat.com.vn/nha-c4-3-mt-tran-quang-khai-son-tra-gan-bien-dt-130m2-dong-tien-thue-20-tr-t-gia-dt--16364539.html","7,9 tỷ","130 m2","Đường Trần Quang Khải","Phường Thọ Quang","Quận Sơn Trà","Đà Nẵng","Nhà mặt tiền","6m","22m","_","10m","1","1","---","---","---","---","---"
"https://alonhadat.com.vn/can-ban-nha-mat-tien-my-khe-7-ngang-6m-doi-dien-trung-tam-tai-chinh-vo-van-kiet-16364496.html","19 tỷ","131 m2","66 Đường Mỹ Khê 7","Phường Phước Mỹ","Quận Sơn Trà","Đà Nẵng","Nhà mặt tiền","6,2m","22m","Đông","5,5m","3","4","Có","Có","Có","Có","---"
"https://alonhadat.com.vn/-nha-2-tang-khu-bien-son-thuy-16363457.html","6,45 tỷ","90 m2","Đường Trương Văn Hiến","Phường Khuê Mỹ","Quận Ngũ Hành Sơn","Đà Nẵng","Nhà mặt tiền","5m","18m","Tây Bắc","7,5m","2","3","Có","Có","Có","Có","---"
"https://alonhadat.com.vn/can-ban-day-tro-sau-lung-dai-hoc-su-pham-kiet-ton-duc-thang-lien-chieu-gia-chi-2-45-t-16364480.html","2,45 tỷ","61 m2","Đường Tôn Đức Thắng","Phường Hòa Khánh Nam","Quận Liên Chiểu","Đà Nẵng","Nhà trong hẻm","9,9m","6,5m","_","4m","1","4","Có","Có","---","---","---"
"https://alonhadat.com.vn/ban-nha-2-tang-2-me-duong-7m5-trung-hoa-1-hoa-quy-110m2-ngang-5m-gia-chi-4-x-ty--16363421.html","4,95 tỷ","110 m2","Đường Trung Hòa 1","Phường Hòa Quý","Quận Ngũ Hành Sơn","Đà Nẵng","Nhà mặt tiền","5m","22m","Tây Nam","7,5m","2","4","---","---","---","---","---"
"https://alonhadat.com.vn/-vo-van-kiet-lo-goc-3-mat-thoang-66m2-2-tang-6-6ty-16363673.html","6,8 tỷ","66 m2","Đường Võ Văn Kiệt","Phường Phước Mỹ","Quận Sơn Trà","Đà Nẵng","Nhà mặt tiền","4,4m","15m","_","4m","2","2","---","---","---","---","---"
"https://alonhadat.com.vn/-pho-duc-chinh-120m2-5-8ty-chi-can-xach-vali-vao-o-nha-3tang-moi-dep-vi-tri-dac-dia-16357877.html","5,8 tỷ","120 m2","Đường Phó Đức Chính","Phường Mân Thái","Quận Sơn Trà","Đà Nẵng","Nhà mặt tiền","3,6m","34m","_","7,5m","3","3","---","---","---","---","---"
"https://alonhadat.com.vn/-mat-tien-nguyen-van-thoai-cach-bien-my-khe-100m-kinh-doanh-dinh-gia-chi-13-8-ty-16364399.html","13,8 tỷ","139 m2","Đường Nguyễn Văn Thoại","Phường Mỹ An","Quận Ngũ Hành Sơn","Đà Nẵng","Nhà mặt tiền","7,6m","20m","_","10,m","1","2","---","---","---","---","---"
"https://alonhadat.com.vn/ban-nha-cap-4-duong-5-5m-vu-mien-nam-cam-le-16364351.html","3,15 tỷ","100 m2","Đường Vũ Miên","Xã Hòa Phước","Huyện Hòa Vang","Đà Nẵng","Nhà mặt tiền","5m","20m","Tây","5,5m","1","2","---","---","---","---","---"
"https://alonhadat.com.vn/ban-nha-3-tang-mat-tien-duong-nguyen-huy-tu-hoa-minh-gia-chi-5-1-ty-16364347.html","5,1 tỷ","76 m2","Đường Nguyễn Huy Tự","Phường Hòa Minh","Quận Liên Chiểu","Đà Nẵng","Nhà mặt tiền","4,5m","17,2m","_","5,5m","3","3","---","---","---","---","---"
"https://alonhadat.com.vn/-mat-tien-an-duong-vuong-my-an-3-tang-kinh-doanh-dong-tien-chi-12-5-ty--16364343.html","12,5 tỷ","110 m2","Đường An Dương Vương","Phường Mỹ An","Quận Ngũ Hành Sơn","Đà Nẵng","Nhà mặt tiền","5m","22m","_","10,m","3","7","---","---","---","---","---"
"https://alonhadat.com.vn/ban-nha-3-tang-mat-tien-duong-nguyen-huy-tu-hoa-minh-gia-chi-5-1-ty-16364347.html","5,1 tỷ","76 m2","Đường Nguyễn Huy Tự","Phường Hòa Minh","Quận Liên Chiểu","Đà Nẵng","Nhà mặt tiền","4,5m","17,2m","_","5,5m","3","3","---","---","---","---","---"
"https://alonhadat.com.vn/-mat-tien-an-duong-vuong-my-an-3-tang-kinh-doanh-dong-tien-chi-12-5-ty--16364343.html","12,5 tỷ","110 m2","Đường An Dương Vương","Phường Mỹ An","Quận Ngũ Hành Sơn","Đà Nẵng","Nhà mặt tiền","5m","22m","_","10,m","3","7","---","---","---","---","---"
"https://alonhadat.com.vn/ban-nha-3-tang-3-me-duong-7-5m-hoang-dinh-ai-hoa-xuan-16364313.html","5,5 tỷ","100 m2","Đường Hoàng Đình Ái","Phường Hòa Xuân","Quận Cẩm Lệ","Đà Nẵng","Nhà mặt tiền","5m","20m","Tây","7,5m","3","3","---","---","---","---","---"
"https://alonhadat.com.vn/-mat-tien-luong-the-vinh-gan-cau-rong-dien-tich-lon-gia-chi-12-5-ty--16364302.html","12,5 tỷ","114 m2","Đường Lương Thế Vinh","Phường Phước Mỹ","Quận Sơn Trà","Đà Nẵng","Nhà mặt tiền","5,1m","24m","_","7,5m","1","3","---","---","---","---","---"
"https://alonhadat.com.vn/-sup-ham-gia-tot-nha-3-tang-3-me-lo-goc-dt-khung-gan-90-m2-sat-le-thanh-nghi-gia-5xty-16364257.html","5,5 tỷ","88 m2","Đường Tiểu La","Phường Hòa Cường Bắc","Quận Hải Châu","Đà Nẵng","Nhà trong hẻm","5m","17m","Nam","5,5m","3","5","Có","Có","Có","Có","---"
"https://alonhadat.com.vn/-mat-tien-ly-van-to-cach-bien-50m-3-tang-kien-co-khu-han-quoc-sam-uat-14-9-ty-16364249.html","14,9 tỷ","86 m2","Đường Lý Văn Tố","Phường An Hải Bắc","Quận Sơn Trà","Đà Nẵng","Nhà mặt tiền","5m","17,2m","_","7,5m","3","3","---","---","---","---","---"
"https://alonhadat.com.vn/ban-nha-4-tang-co-7-can-ho-cho-thue-32tr-mt-hoa-cuong-hai-chau-16364247.html","7,2 tỷ","68 m2","Đường Tiên Sơn 14","Phường Hòa Cường Nam","Quận Hải Châu","Đà Nẵng","Nhà mặt tiền","4,2m","16,2m","Đông Nam","5m","4","7","---","---","Có","---","---"
"https://alonhadat.com.vn/nha-3-tang-mt-an-duong-vuong-ngu-hanh-son-dt-110m2-gan-song-gia-dau-tu--16364163.html","12 tỷ","110 m2","Đường An Dương Vương","Phường Mỹ An","Quận Ngũ Hành Sơn","Đà Nẵng","Nhà mặt tiền","5m","22m","_","20m","3","5","---","---","---","---","---"
"https://alonhadat.com.vn/-can-ban-gap-gia-cuc-tot-nha-3-tang-mat-tien-be-van-dan-thanh-khe-da-nang--16364144.html","6,59 tỷ","86 m2","Đường Bế Văn Đàn","Phường Thanh Khê Đông","Quận Thanh Khê","Đà Nẵng","Nhà mặt tiền","5m","17,2m","_","5,5m","3","4","Có","Có","Có","Có","---"
"https://alonhadat.com.vn/-mat-tien-ly-dao-thanh-duong-7m5-3-tang-kinh-doanh-tot-gia-chi-7-ty--16364038.html","7 tỷ","64 m2","Đường Lý Đạo Thành","Phường An Hải Bắc","Quận Sơn Trà","Đà Nẵng","Nhà mặt tiền","4,4m","15m","_","7,5m","3","4","---","---","---","---","---"
"https://alonhadat.com.vn/nha-3-tang-full-noi-that-2-mat-tien-duong-tieu-la-dang-co-san-dong-tien-cho-thue-20-tr-16364015.html","14 tỷ","90 m2","Đường Tiểu La","Phường Hòa Cường","Quận Hải Châu","Đà Nẵng","Nhà mặt tiền","5m","18m","Bắc","15m","3","4","---","---","---","---","---"
"https://alonhadat.com.vn/-nha-2-tang-kiet-rong-dang-thai-than-ngu-hanh-son-gia-chi-3-55-ty--16363983.html","3,55 tỷ","60 m2","Đường Đặng Thái Thân","Phường Hòa Hải","Quận Ngũ Hành Sơn","Đà Nẵng","Nhà mặt tiền","7,5m","8m","_","6m","2","3","---","---","---","---","---"
"https://alonhadat.com.vn/villa-hoa-ninh-dien-tich-khung-16363454.html","9,8 tỷ","4.000 m2","Đường ĐT 602","Xã Hòa Ninh","Huyện Hòa Vang","Đà Nẵng","Nhà mặt tiền","---","---","_","11m","1","4","---","---","---","---","---"
"https://alonhadat.com.vn/gia-sup-can-goc-nguyen-nhu-hanh-16360141.html","3,2 tỷ","60 m2","Đường Nguyễn Như Hạnh","Phường Hòa Minh","Quận Liên Chiểu","Đà Nẵng","Nhà mặt tiền","---","---","_","8m","2","2","Có","Có","---","Có","---"
"https://alonhadat.com.vn/ban-nha-2-tang-my-an-ngu-hanh-son-16363968.html","6,9 tỷ","96 m2","Đường Mỹ An 20","Phường Mỹ An","Quận Ngũ Hành Sơn","Đà Nẵng","Nhà mặt tiền","5m","19m","_","5,5m","2","4","---","---","---","---","---"
"https://alonhadat.com.vn/ban-nha-3-tang-duong-7-5m-gia-chi-5-6-ty--16363920.html","5,6 tỷ","100 m2","Đường Hoàng Đình Ái","Phường Hòa Xuân","Quận Cẩm Lệ","Đà Nẵng","Nhà mặt tiền","5m","20m","_","7,5m","3","3","---","---","---","---","---"
"https://alonhadat.com.vn/ban-nha-mat-tien-duong-7-5m-phan-khoi-hoa-xuan-16363912.html","4,25 tỷ","100 m2","Đường Phan Khôi","Phường Hòa Xuân","Quận Cẩm Lệ","Đà Nẵng","Nhà mặt tiền","5m","20m","Đông","7,5m","2","3","---","---","---","---","---"
"https://alonhadat.com.vn/ban-nha-2-tang-mt-tuy-ly-vuong-ngu-hanh-son-95m2-6-8-ty--16359475.html","6,8 tỷ","95 m2","Đường Tuy Lý Vương","Phường Khuê Mỹ","Quận Ngũ Hành Sơn","Đà Nẵng","Nhà mặt tiền","5m","---","_","7,5m","2","3","---","---","---","---","---"
"https://alonhadat.com.vn/ban-dat-tang-nha-c4-kiet-nguyen-van-thoai-son-tra-135m2-11-ty--16359165.html","11 tỷ","135 m2","Đường Nguyễn Văn Thoại","Phường An Hải Nam","Quận Sơn Trà","Đà Nẵng","Nhà trong hẻm","6,5m","---","_","5m","1","2","---","---","---","---","---"
"https://alonhadat.com.vn/ban-dat-tang-nha-c4-kiet-o-to-qua-nguyen-van-thoai-son-tra-140m2-13-5-ty--16359191.html","13,5 tỷ","140 m2","Đường Nguyễn Văn Thoại","Phường Phước Mỹ","Quận Sơn Trà","Đà Nẵng","Nhà trong hẻm","8m","---","_","6m","1","2","---","---","---","---","---"
"https://alonhadat.com.vn/ban-nha-2-tang-mt-tuy-ly-vuong-ngu-hanh-son-95m2-6-8-ty--16359475.html","6,8 tỷ","95 m2","Đường Tuy Lý Vương","Phường Khuê Mỹ","Quận Ngũ Hành Sơn","Đà Nẵng","Nhà mặt tiền","5m","---","_","7,5m","2","3","---","---","---","---","---"
"https://alonhadat.com.vn/ban-dat-tang-nha-c4-kiet-nguyen-van-thoai-son-tra-135m2-11-ty--16359165.html","11 tỷ","135 m2","Đường Nguyễn Văn Thoại","Phường An Hải Nam","Quận Sơn Trà","Đà Nẵng","Nhà trong hẻm","6,5m","---","_","5m","1","2","---","---","---","---","---"
"https://alonhadat.com.vn/ban-dat-tang-nha-c4-kiet-o-to-qua-nguyen-van-thoai-son-tra-140m2-13-5-ty--16359191.html","13,5 tỷ","140 m2","Đường Nguyễn Văn Thoại","Phường Phước Mỹ","Quận Sơn Trà","Đà Nẵng","Nhà trong hẻm","8m","---","_","6m","1","2","---","---","---","---","---"
"https://alonhadat.com.vn/ban-nha-5-tang-kiet-o-to-dau-do-my-da-dong-12-my-an-116m2-23-5-ty--16359512.html","23,5 tỷ","116 m2","Đường Bà Huyện Thanh Quan","Phường Mỹ An","Quận Ngũ Hành Sơn","Đà Nẵng","Nhà trong hẻm","6m","---","_","7m","5","11","---","---","---","---","---"
"https://alonhadat.com.vn/ban-can-goc-kiet-o-to-qua-ba-huyen-thanh-quan-ngu-hanh-son-90m2-7-5-ty--16359536.html","7,5 tỷ","90 m2","Đường Bà Huyện Thanh Quan","Phường Mỹ An","Quận Ngũ Hành Sơn","Đà Nẵng","Nhà trong hẻm","5m","---","_","5m","1","1","---","---","---","---","---"
"https://alonhadat.com.vn/nha-3-tang-mat-tien-ha-huy-tap-kinh-doanh-buon-ban-sam-uat-16363221.html","9,9 tỷ","75 m2","Đường Hà Huy Tập","Phường Xuân Hà","Quận Thanh Khê","Đà Nẵng","Nhà mặt tiền","---","5m","_","10,m","3","5","---","---","---","---","---"
"https://alonhadat.com.vn/sieu-pham-4-me-4-tang-mat-tien-ha-huy-tap-ngay-sat-bien-kinh-doanh-sam-uat-16363137.html","4,4 tỷ","20 m2","Đường Hà Huy Tập","Phường Xuân Hà","Quận Thanh Khê","Đà Nẵng","Nhà mặt tiền","---","---","_","10,m","4","3","---","---","---","---","---"
"https://alonhadat.com.vn/nha-mat-tien-kinh-doanh-trung-tam-tp-da-nang-16363160.html","11,5 tỷ","164 m2","Đường Hà Huy Tập","Phường Chính Gián","Quận Thanh Khê","Đà Nẵng","Nhà mặt tiền","---","---","_","10,m","2","4","---","---","---","---","---"
"https://alonhadat.com.vn/mat-pho-kinh-doanh-sam-uat-trung-tam-tp-da-nang-16363191.html","12 tỷ","98 m2","Đường Hà Huy Tập","Phường Xuân Hà","Quận Thanh Khê","Đà Nẵng","Nhà mặt tiền","---","---","_","10,m","5","8","---","---","---","---","---"
"https://alonhadat.com.vn/ban-mat-bang-kinh-doanh-duong-ha-huy-tap-da-nang-16362976.html","7,3 tỷ","62 m2","Đường Hà Huy Tập","Phường Hòa Khê","Quận Thanh Khê","Đà Nẵng","Nhà mặt tiền","---","---","_","10,m","1","1","---","---","---","---","---"
"https://alonhadat.com.vn/can-goc-gan-bien-trung-tam-tp-da-nang-chi-3-95-ty-16362946.html","3,95 tỷ","44 m2","Đường Hà Huy Tập","Phường Xuân Hà","Quận Thanh Khê","Đà Nẵng","Nhà trong hẻm","---","---","_","3m","4","4","---","---","---","---","---"
"https://alonhadat.com.vn/nha-dep-da-nang-chi-nhinh-2-ty-16362966.html","2,85 tỷ","59 m2","Đường Hà Huy Tập","Phường Hòa Khê","Quận Thanh Khê","Đà Nẵng","Nhà trong hẻm","---","---","_","2,5m","2","2","---","---","---","---","---"
"https://alonhadat.com.vn/toa-can-ho-san-dong-tien-cuc-tot-gap-ban-chi-nhinh-13ty-16363787.html","13,2 tỷ","100 m2","Đường Đinh Châu","Phường Hòa Thọ Đông","Quận Cẩm Lệ","Đà Nẵng","Nhà mặt tiền","5m","20m","_","5,5m","7","14","Có","Có","Có","Có","---"
"https://alonhadat.com.vn/bat-dong-san-122-nguyen-thi-dinh-an-hai-bac-quan-son-tra-tp-da-nang-16357653.html","2,8 tỷ","90 m2","Đường Nguyễn Trãi","Phường Hải Châu II","Quận Hải Châu","Đà Nẵng","Nhà trong hẻm","7m","13m","_","2,5m","1","2","---","---","---","---","---"
"https://alonhadat.com.vn/-nha-3-tang-moi-le-van-si-full-noi-that-tai-lien-chieu-da-nang--16363779.html","6 tỷ","70 m2","Đường Lê Văn Sĩ","Phường Hòa Minh","Quận Liên Chiểu","Đà Nẵng","Nhà mặt tiền","---","---","_","5,5m","3","3","Có","Có","Có","Có","---"
"https://alonhadat.com.vn/ban-nha-mat-tien-nguyen-khang-thanh-khe-khu-vuc-dan-tri-cao-16361878.html","6 tỷ","94 m2","Đường Nguyễn Khang","Phường An Khê","Quận Thanh Khê","Đà Nẵng","Nhà mặt tiền","---","---","_","5,6m","2","3","Có","Có","---","Có","---"
"https://alonhadat.com.vn/ban-nha-mat-tien-duong-dong-da-trung-tam-quan-hai-chau-kinh-doanh-dinh-cao-16361893.html","38,5 tỷ","198 m2","Đường Đống Đa","Phường Thạch Thang","Quận Hải Châu","Đà Nẵng","Nhà mặt tiền","---","---","_","15m","3","10","Có","Có","Có","Có","---"
"https://alonhadat.com.vn/sup-ham-ban-dat-139m2-tang-nha-1-5-tang-moi-kiet-binh-ky-sat-duong-chinh-hoa-quy-nhs-16363694.html","2,55 tỷ","139 m2","Đường Bình Kỳ","Phường Hòa Quý","Quận Ngũ Hành Sơn","Đà Nẵng","Nhà trong hẻm","---","---","Tây Nam","3m","2","3","---","---","---","---","---"
"https://alonhadat.com.vn/ban-nha-2-tang-phong-cach-nghi-duong-duong-bui-thien-ngo-hoa-xuan-da-nang-6-49-ty-16363690.html","6,49 tỷ","100 m2","Đường Bùi Thiện Ngộ","Phường Hòa Xuân","Quận Cẩm Lệ","Đà Nẵng","Nhà mặt tiền","5m","20m","_","7,5m","2","2","Có","Có","Có","Có","---"
"https://alonhadat.com.vn/-nhanh-thi-con-duong-7m5-sat-bien-nha-3-tang-moi-cung-gia-chi-6-x--16361735.html","6,8 tỷ","71 m2","Đường Phạm Vấn","Phường Mân Thái","Quận Sơn Trà","Đà Nẵng","Nhà mặt tiền","5m","---","_","7,5m","3","3","---","---","---","---","---"
"https://alonhadat.com.vn/-nhanh-thi-con-duong-7m5-sat-bien-nha-3-tang-moi-cung-gia-chi-6-x--16361735.html","6,8 tỷ","71 m2","Đường Phạm Vấn","Phường Mân Thái","Quận Sơn Trà","Đà Nẵng","Nhà mặt tiền","5m","---","_","7,5m","3","3","---","---","---","---","---"
"https://alonhadat.com.vn/-ban-dat-tang-nha-khu-nguyen-van-thoai-cach-bien-my-khe-vai-buoc-chan--16361755.html","10,7 tỷ","150 m2","Đường Lê Hữu Trác","Phường Phước Mỹ","Quận Sơn Trà","Đà Nẵng","Nhà mặt tiền","6m","---","_","5m","1","2","---","---","---","---","---"
"https://alonhadat.com.vn/-10m-ra-nguyen-van-thoai-oto-tranh-2p-ra-bien-6-2x22-10-ty-x-16361777.html","10,9 tỷ","136 m2","Đường Nguyễn Văn Thoại","Phường Phước Mỹ","Quận Sơn Trà","Đà Nẵng","Nhà mặt tiền","6,2m","---","_","5m","1","2","---","---","---","---","---"
"https://alonhadat.com.vn/lo-doi-truc-7m5-kinh-doanh-sat-bien-pham-van-dong-10x18-20-ty-x-16361810.html","20,5 tỷ","180 m2","Đường Lê Tấn Toán","Phường Phước Mỹ","Quận Sơn Trà","Đà Nẵng","Nhà mặt tiền","10m","---","_","7,5m","1","2","---","---","---","---","---"
"https://alonhadat.com.vn/-k227-nguyen-van-thoai-kd-dinh-139m2-ngang-7-6m--16361793.html","13,8 tỷ","90 m2","Đường Nguyễn Văn Thoại","Phường Phước Mỹ","Quận Sơn Trà","Đà Nẵng","Nhà trong hẻm","7m","---","_","5m","1","2","---","---","---","---","---"
"https://alonhadat.com.vn/ban-nha-bui-xuong-trach-khue-trung-3-tang-125m2-mt-5m-full-noi-that-nhinh-6ty-14983923.html","6,2 tỷ","125 m2","Đường Bùi Xuân Trạch","Phường Khuê Trung","Quận Cẩm Lệ","Đà Nẵng","Nhà mặt tiền","5m","25m","_","5,5m","3","4","Có","Có","Có","---","---"
"https://alonhadat.com.vn/ban-nha-mat-tien-gan-song-han-son-tra-da-nang-full-noi-that-cao-cap-chi-4-1-ty-re-nhat-16363534.html","4,09 tỷ","56 m2","Đường Nại Nghĩa 4","Phường Nại Hiên Đông","Quận Sơn Trà","Đà Nẵng","Nhà mặt tiền","4,1m","13,5m","_","5,5m","2","2","Có","Có","---","Có","---"
"https://alonhadat.com.vn/-ban-day-tro-ngay-dh-kinh-te-dien-tich-dat-342m2-kiet-oto-phan-hanh-son-16358779.html","14 tỷ","342 m2","Đường Phan Hành Sơn","Phường Mỹ An","Quận Ngũ Hành Sơn","Đà Nẵng","Nhà trong hẻm","9,5m","36m","_","5m","1","17","Có","Có","Có","Có","---"
"https://alonhadat.com.vn/-nha-hoa-xuan-3tang-full-noi-that-gan-cau-nguyen-tri-phuong-gan-cho-nhinh-5-ty-16362159.html","5,35 tỷ","100 m2","Đường Mai Anh Tuấn","Phường Hòa Xuân","Quận Cẩm Lệ","Đà Nẵng","Nhà mặt tiền","5m","20m","Tây Bắc","5,5m","3","3","Có","Có","Có","Có","---"
"https://alonhadat.com.vn/lo-dat-vuong-van-sieu-hot-207m2-11-5-x-16-8-giua-tt-quan-hai-chau-kinh-doanh-vip-16363470.html","15,6 tỷ","207 m2","Đường Đầm Rong 2","Phường Thanh Bình","Quận Hải Châu","Đà Nẵng","Nhà mặt tiền","11,5m","18m","_","5,5m","---","---","Có","Có","Có","Có","---"
"https://alonhadat.com.vn/-ban-nha-2-tang-kiet-mai-dang-chon-hoa-quy-ngu-hanh-son--16301574.html","2,45 tỷ","101 m2","Đường Mai Đăng Chơn","Phường Hòa Quý","Quận Ngũ Hành Sơn","Đà Nẵng","Nhà mặt tiền","5m","20m","Đông Bắc","3m","2","3","---","---","---","---","---"
"https://alonhadat.com.vn/-ban-nha-kiet-o-to-duong-ngu-hanh-son-to-hop-can-ho-cho-thue--16357388.html","26,9 tỷ","505 m2","Đường Ngũ Hành Sơn","Phường Mỹ An","Quận Ngũ Hành Sơn","Đà Nẵng","Nhà trong hẻm","12m","38m","Đông Bắc","6m","2","10","---","---","---","---","---"
"https://alonhadat.com.vn/ban-nha-dep-3-tang-full-noi-that-mt-duong-duong-tri-trach-son-tra-da-nang-chi-8-89-ty-16363411.html","8,89 tỷ","75 m2","Đường Dương Trí Trạch","Phường An Hải Bắc","Quận Sơn Trà","Đà Nẵng","Nhà mặt tiền","5m","15m","_","5,5m","3","3","Có","Có","Có","Có","---"
"https://alonhadat.com.vn/duy-nhat-ban-nha-3-tang-gan-bien-son-tra-vi-tri-dep-gia-tot-hang-hiem-16363407.html","6,8 tỷ","70 m2","Đường Phạm Vấn","Phường Mân Thái","Quận Sơn Trà","Đà Nẵng","Nhà mặt tiền","4,2m","16,6m","_","7,5m","3","3","Có","Có","Có","Có","---"
"https://alonhadat.com.vn/-nha-c4-co-3-phong-tro-gia-dau-tu-cho-khach-co-the-cai-tao-thanh-nha-dep-16361403.html","4,5 tỷ","90 m2","Đường Trần Quý Khoách","Phường Hòa Minh","Quận Liên Chiểu","Đà Nẵng","Nhà mặt tiền","5m","---","_","5,5m","1","4","---","---","---","---","---"
"https://alonhadat.com.vn/-ban-dat-tang-nha-2-tang-lo-goc-kep-kiet-oto-doanh-thu-15tr-thang-tt-cam-le--16361432.html","7,2 tỷ","166 m2","Đường Tôn Đản","Phường Hòa An","Quận Cẩm Lệ","Đà Nẵng","Nhà mặt tiền","7m","---","_","7m","2","3","---","---","---","---","---"
"https://alonhadat.com.vn/-nha-canh-bien-full-noi-that-o-ngay-chi-2-ty-9--16361352.html","2,9 tỷ","72 m2","Đường Xuân Thiều 9","Phường Hòa Minh","Quận Liên Chiểu","Đà Nẵng","Nhà mặt tiền","4m","---","_","5,5m","1","2","---","---","---","---","---"
"https://alonhadat.com.vn/-chu-xac-dinh-ban-dat-tang-nha-dang-cho-thue-8tr-thang--16358572.html","11,5 tỷ","180 m2","Đường Ngô Quyền","Phường Mân Thái","Quận Sơn Trà","Đà Nẵng","Nhà mặt tiền","6m","---","_","48m","2","4","---","---","---","---","---"
"https://alonhadat.com.vn/-dat-bien-da-nang-khu-vuc-sam-uat-dt-rong-639m2-no-hau-gan-bien-my-khe-16353252.html","46 tỷ","639 m2","Đường Mỹ Khê 7","Phường Phước Mỹ","Quận Sơn Trà","Đà Nẵng","Nhà mặt tiền","11m","---","_","5,5m","2","22","---","---","---","---","---"
"https://alonhadat.com.vn/-ban-2-can-nha-c4-lien-ke-hien-chu-dang-cho-thue-moi-can-5-trieu-16360567.html","4,8 tỷ","73 m2","Đường An Thượng 24","Phường Mỹ An","Quận Ngũ Hành Sơn","Đà Nẵng","Nhà trong hẻm","6m","---","_","3m","1","2","---","---","---","---","---"
"https://alonhadat.com.vn/ban-nha-2-mat-tien-do-quang-5m5-kinh-doanh-dinh-chi-5tyx-dau-tu-sieu-loi-nhuan-16363369.html","5,95 tỷ","70 m2","Đường Đỗ Quang","Phường Vĩnh Trung","Quận Thanh Khê","Đà Nẵng","Nhà mặt tiền","4,3m","16,2m","_","5,5m","2","2","Có","Có","Có","Có","---"
"https://alonhadat.com.vn/chu-can-ban-nha-mat-tien-duong-hoang-dieu-dien-tich-khung-135m-gia-chi-nhinh-15ty-16359037.html","4,8 tỷ","122 m2","Đường Hoàng Diệu","Phường Bình Thuận","Quận Hải Châu","Đà Nẵng","Nhà mặt tiền","4,6m","---","_","3m","3","4","Có","Có","Có","Có","---"
"https://alonhadat.com.vn/mat-pho-kinh-doanh-dinh-hoang-dieu-6-tang-thang-may-co-ham-de-xe-doanh-thu-700-nam--16359180.html","15,5 tỷ","62 m2","Đường Hoàng Diệu","Phường Nam Dương","Quận Hải Châu","Đà Nẵng","Nhà mặt tiền","5,5m","---","_","10m","6","6","Có","Có","Có","Có","---"
"https://alonhadat.com.vn/toa-can-ho-view-cau-rong-phun-lua-ngay-sat-cho-dem-doanh-thu-khung-hon-100tr-thang-15845365.html","22,5 tỷ","90 m2","Đường Trần Hưng Đạo","Phường An Hải Nam","Quận Sơn Trà","Đà Nẵng","Nhà mặt tiền","4,5m","---","_","6m","9","13","Có","Có","Có","Có","---"
"https://alonhadat.com.vn/ban-goc-2-mat-tien-vo-an-ninh-phan-triem-hoa-xuan-15912487.html","11 tỷ","296 m2","Đường Võ An Ninh","Phường Hòa Xuân","Quận Cẩm Lệ","Đà Nẵng","Nhà mặt tiền","12m","25m","Đông Nam","10m","1","1","---","---","---","Có","---"
"https://alonhadat.com.vn/nha-2-tang-mt-pham-the-hien-canh-dai-hoc-ngoai-ngu-16360683.html","5,6 tỷ","74 m2","Đường Phạm Thế Hiển","Phường Khuê Trung","Quận Cẩm Lệ","Đà Nẵng","Nhà mặt tiền","4,5m","16m","Tây","5m5m","2","3","Có","Có","Có","Có","---"
"https://alonhadat.com.vn/nha-2-mat-tien-truoc-sau-truong-chinh-tran-thai-tong-16360699.html","8 tỷ","116 m2","Đường Trường Chinh","Phường An Khê","Quận Thanh Khê","Đà Nẵng","Nhà mặt tiền","7m","17m","Tây","20m","3","3","Có","Có","Có","Có","---"
"https://alonhadat.com.vn/nha-kiet-tieu-la-hoa-cuong-bac-16360554.html","3,75 tỷ","40 m2","Đường Tiểu La","Phường Hòa Cường Bắc","Quận Hải Châu","Đà Nẵng","Nhà trong hẻm","4m","10m","Tây","2m5m","3","3","Có","Có","Có","Có","---"
"https://alonhadat.com.vn/ban-dat-tang-nha-duong-tran-thai-tong--16363297.html","3,5 tỷ","60 m2","Đường Trần Thái Tông","Phường An Khê","Quận Thanh Khê","Đà Nẵng","Nhà mặt tiền","3,5m","17m","_","7,5m","1","1","---","---","---","---","---"
"https://alonhadat.com.vn/ban-160m2-nguyen-van-linh-chi-nhinh-5-ty-thuong-luong-16359837.html","5,95 tỷ","160 m2","Đường Nguyễn Văn Linh","Phường Bình Hiên","Quận Hải Châu","Đà Nẵng","Nhà trong hẻm","6m","27m","_","4m","1","2","---","---","---","---","---"
"https://alonhadat.com.vn/nha-kiet-o-to-duong-nguyen-cong-hoan--16363248.html","2,95 tỷ","60 m2","Đường Nguyễn Công Hoan","Phường Hòa An","Quận Cẩm Lệ","Đà Nẵng","Nhà trong hẻm","4,1m","14,6m","_","5m","2","2","---","---","---","---","---"
"https://alonhadat.com.vn/-nha-3-tang-hiem-co-vi-tri-vang-ngay-nguyen-van-thoai-son-tra-gan-cau-tran-thi-ly--16212598.html","8,049 tỷ","63 m2","Đường Ngô Quyền","Phường An Hải Nam","Quận Sơn Trà","Đà Nẵng","Nhà mặt tiền","4,1m","15m","_","33m","3","3","Có","Có","Có","Có","---"
"https://alonhadat.com.vn/ban-nha-3-tang-dt-dat-141m2-ngang-6m7-mt-nguyen-chanh-da-nang-7-95-ty-co-tl-kd-dinh-16363213.html","7,95 tỷ","141 m2","Đường Nguyễn Chánh","Phường Hòa Khánh Bắc","Quận Liên Chiểu","Đà Nẵng","Nhà mặt tiền","6,7m","21m","Đông Nam","10m","3","3","Có","Có","Có","Có","---"
"https://alonhadat.com.vn/-ban-nha-mat-tien-2-tang-duong-nguyen-hien-le-vi-tri-dac-dia-hoa-xuan-15687178.html","5,5 tỷ","100 m2","Đường Nguyễn Hiến Lê","Phường Hòa Xuân","Quận Cẩm Lệ","Đà Nẵng","Nhà mặt tiền","---","---","_","8m","2","3","---","---","---","---","---"
"https://alonhadat.com.vn/-sieu-pham-nha-mat-tien-5-tang-duong-dong-da-hai-chau-co-thang-may-lo-1ty--14900108.html","15 tỷ","69 m2","Đường Đống Đa","Phường Thạch Thang","Quận Hải Châu","Đà Nẵng","Nhà mặt tiền","---","---","_","15m","5","4","---","---","---","---","---"
"https://alonhadat.com.vn/-di-nuoc-ngoai-ban-gap-nha-moi-dep-5-tang-mat-tien-duong-trung-nu-vuong-14522656.html","10,95 tỷ","95 m2","Đường Trưng Nữ Vương","Phường Phước Ninh","Quận Hải Châu","Đà Nẵng","Nhà mặt tiền","---","---","_","11m","5","6","---","---","---","---","---"
"https://alonhadat.com.vn/-cat-lo-ban-gap-nha-pho-tay-an-thuong-5-ban-nha-tang-dat-68m2--13626235.html","9,5 tỷ","68 m2","Đường An Thượng 5","Phường Mỹ An","Quận Ngũ Hành Sơn","Đà Nẵng","Nhà mặt tiền","4,5m","14m","_","5,5m","2","2","---","---","---","---","---"
"https://alonhadat.com.vn/-can-ban-toa-boutique-6-tang-duong-doan-khue-q-ngu-hanh-son-tp-da-nang-13721410.html","14,3 tỷ","192 m2","Đường Đoàn Khuê","Phường Khuê Mỹ","Quận Ngũ Hành Sơn","Đà Nẵng","Nhà mặt tiền","10m","19,2m","_","20m","6","8","---","---","---","---","---"
"https://alonhadat.com.vn/-toa-can-ho-to-hien-thanh-bien-my-khe-can-ban-gap-10ty5-13228226.html","10,5 tỷ","78 m2","Đường Tô Hiến Thành","Phường An Hải Nam","Quận Sơn Trà","Đà Nẵng","Nhà mặt tiền","5m","15,6m","_","5,5m","7","6","---","---","---","---","---"
"https://alonhadat.com.vn/ban-nha-3-tang-mat-tien-an-thuong-chi-200m-ra-bien-my-khe-pho-tay-an-thuong-1-buoc-16362812.html","13,8 tỷ","90 m2","Đường An Thượng 26","Phường Mỹ An","Quận Ngũ Hành Sơn","Đà Nẵng","Nhà mặt tiền","4,5m","20m","_","5,5m","3","4","Có","Có","Có","Có","---"
"https://alonhadat.com.vn/ban-nha-3-tang-mat-tien-an-thuong-chi-200m-ra-bien-my-khe-pho-tay-an-thuong-1-buoc-16362812.html","13,8 tỷ","90 m2","Đường An Thượng 26","Phường Mỹ An","Quận Ngũ Hành Sơn","Đà Nẵng","Nhà mặt tiền","4,5m","20m","_","5,5m","3","4","Có","Có","Có","Có","---"
"https://alonhadat.com.vn/ban-nha-le-thach-cam-le-khu-vuc-ben-xe-16363028.html","5,8 tỷ","88 m2","Đường Lê Thạch","Phường Hòa An","Quận Cẩm Lệ","Đà Nẵng","Nhà mặt tiền","4,5m","19m","_","7,5m","2","3","Có","Có","Có","Có","---"
"https://alonhadat.com.vn/sieu-re-tim-dau-ra-can-thu-2-gia-dau-tu-mat-pho-vip-chu-de-full-noi-that-16362885.html","8,9 tỷ","75 m2","Đường Dương Trí Trạch","Phường An Hải Bắc","Quận Sơn Trà","Đà Nẵng","Nhà mặt tiền","5m","15m","_","5,5m","3","3","Có","Có","Có","Có","---"
"https://alonhadat.com.vn/vi-tri-trung-tam-tp-gan-cho-san-bay-bien-nguyen-tat-thanh-cong-vien-kiet-hai-phong-15227179.html","3,8 tỷ","74 m2","Đường Hải Phòng","Phường Xuân Hà","Quận Thanh Khê","Đà Nẵng","Nhà trong hẻm","5m","---","Bắc","2,5m","2","2","Có","Có","Có","---","---"
"https://alonhadat.com.vn/ban-nha-day-tro-5-phong-thu-nhap-10tr-dang-kin-khach-duong-le-thi-rieng-phuong-hoa-hai-16348579.html","3,95 tỷ","93 m2","Đường Lê Thị Riêng","Phường Hòa Hải","Quận Ngũ Hành Sơn","Đà Nẵng","Nhà mặt tiền","5m","19m","_","---","---","---","---","---","---","---","---"
"https://alonhadat.com.vn/sieu-re-gap-nha-3-tang-hien-dai-dt-116m2-mat-tien-trung-nu-vuong-hai-chau-10-9-ty-15476544.html","11,5 tỷ","116 m2","Đường Trưng Nữ Vương","Phường Hòa Thuận Tây","Quận Hải Châu","Đà Nẵng","Nhà mặt tiền","6,7m","17,7m","_","10m","3","3","Có","Có","Có","Có","---"
"https://alonhadat.com.vn/ban-dat-tang-nha-mat-tien-my-da-dong-5-ngu-hanh-son-kinh-doanh-tot-gan-bien-6-2-ty-16332054.html","6,2 tỷ","70 m2","Đường Mỹ Đa Đông 5","Phường Mỹ An","Quận Ngũ Hành Sơn","Đà Nẵng","Nhà mặt tiền","4m","17,5m","_","5,5m","1","1","Có","Có","Có","Có","---"
"https://alonhadat.com.vn/vi-tri-cuc-dep-dat-90m2-lo-goc-kiet-o-to-ba-huyen-thanh-quan-ngu-h-son-chi-7-5-ty-16362192.html","7,5 tỷ","90 m2","Đường Bà Huyện Thanh Quan","Phường Mỹ An","Quận Ngũ Hành Sơn","Đà Nẵng","Nhà trong hẻm","7m","11,8m","_","5m","1","3","Có","Có","Có","Có","---"
"https://alonhadat.com.vn/dat-bien-my-khe-dt-154m2-kiet-o-to-nguyen-duy-hieu-son-tra-chi-12-9-ty-16362271.html","12,9 tỷ","154 m2","Đường Nguyễn Duy Hiệu","Phường An Hải Nam","Quận Sơn Trà","Đà Nẵng","Nhà trong hẻm","5,7m","27,8m","_","5m","3","6","Có","Có","Có","Có","---"
"https://alonhadat.com.vn/chinh-chu-cac-san-pham-goc-2-mt-da-nang-gia-tot-nhat-hien-tai-14299305.html","7,35 tỷ","78 m2","Đường Lê Thị Hồng Gấm","Phường Hòa Cường Nam","Quận Hải Châu","Đà Nẵng","Nhà mặt tiền","---","---","_","7m","3","3","---","---","---","---","---"
"https://alonhadat.com.vn/nha-dep-mat-tien-nam-viet-a-100m2-3-tang-gia-nhinh-6-ty--15303903.html","6,4 tỷ","100 m2","Đường Giang Châu 1","Phường Khuê Mỹ","Quận Ngũ Hành Sơn","Đà Nẵng","Nhà mặt tiền","5m","20m","Đông","7,5m","3","4","Có","Có","Có","Có","---"
"https://alonhadat.com.vn/toa-thap-apartment-6-tang-thang-may-108m2-6-tang-15-ty--15298395.html","15 tỷ","108 m2","Đường An Trung 7","Phường An Hải Nam","Quận Sơn Trà","Đà Nẵng","Nhà mặt tiền","7,39m","14,20m","Đông","7,5m","6","12","Có","Có","Có","Có","---"
"https://alonhadat.com.vn/mat-tien-son-tra-gan-khu-euro-villa-song-han-gia-chi-4-1-ty-16362876.html","4,1 tỷ","54 m2","Đường An Trung 14","Phường Phước Mỹ","Quận Sơn Trà","Đà Nẵng","Nhà mặt tiền","5m","12m","_","4m","2","2","---","---","---","---","---"
"https://alonhadat.com.vn/sieu-hot-dt-140m2-ngang-7-5m-cach-bien-my-khe-100m-gia-chi-13-ty-8-16362875.html","13,8 tỷ","140 m2","Đường Nguyễn Văn Thoại","Phường An Hải Nam","Quận Sơn Trà","Đà Nẵng","Nhà trong hẻm","7,5m","18m","_","6m","1","3","---","---","---","---","---"
"https://alonhadat.com.vn/sot-lai-can-an-thuong-chi-7-x-ty-nha-2-tang-moi-dep-khai-thac-21-trieu-thang-16359675.html","7,5 tỷ","65 m2","Đường An Thượng 15","Phường Mỹ An","Quận Ngũ Hành Sơn","Đà Nẵng","Nhà mặt tiền","5m","13m","_","5m","2","3","---","---","---","---","---"
"https://alonhadat.com.vn/sot-lai-can-ho-4-5-tang-khu-an-thuong-chi-8-ty-khai-thac-30-trieu-thang-16359745.html","8 tỷ","65 m2","Đường Châu Thị Vĩnh Tế","Phường Mỹ An","Quận Ngũ Hành Sơn","Đà Nẵng","Nhà mặt tiền","5m","13m","_","5m","4","6","---","---","---","---","---"
"https://alonhadat.com.vn/giam-manh-dat-tang-nha-nguyen-van-thoai-dt-260m2-ngang-10m-phu-hop-xay-can-ho-16359824.html","26 tỷ","260 m2","Đường Nguyễn Văn Thoại","Phường Mỹ An","Quận Ngũ Hành Sơn","Đà Nẵng","Nhà trong hẻm","10m","26m","_","7m","1","3","---","---","---","---","---"
"https://alonhadat.com.vn/ban-gap-sieu-pham-hoa-phu-hoa-minh-lien-chieu-nha-3-me-duc-nha-dep-ngang-5m-16352730.html","5,5 tỷ","80 m2","Đường Hòa Phú 3","Phường Hòa Minh","Quận Liên Chiểu","Đà Nẵng","Nhà mặt tiền","5m","16m","_","7,5m","3","4","Có","Có","Có","Có","---"
"https://alonhadat.com.vn/ban-nha-3-tang-moi-100-full-noi-that-cao-cap-cach-bien-chi-300m-hoa-minh-lien-chieu-16345296.html","6,3 tỷ","75 m2","Đường Dương Đức Hiền","Phường Hòa Minh","Quận Liên Chiểu","Đà Nẵng","Nhà mặt tiền","4,5m","16m","_","5,5m","3","4","Có","Có","Có","Có","---"
"https://alonhadat.com.vn/-cuc-hot-ban-nha-mat-tien-hoa-phat-cam-le-gia-chi-3-99-ty-co-thuong-luong-nhe--16345007.html","3,99 tỷ","100 m2","Đường Nghi An 2","Phường Hòa Phát","Quận Cẩm Lệ","Đà Nẵng","Nhà mặt tiền","5m","20m","_","5,5m","2","3","Có","Có","Có","Có","---"
"https://alonhadat.com.vn/-cuc-hot-ban-nha-mat-tien-hoa-phat-cam-le-gia-chi-3-99-ty-co-thuong-luong-nhe--16345007.html","3,99 tỷ","100 m2","Đường Nghi An 2","Phường Hòa Phát","Quận Cẩm Lệ","Đà Nẵng","Nhà mặt tiền","5m","20m","_","5,5m","2","3","Có","Có","Có","Có","---"
"https://alonhadat.com.vn/ban-gap-can-nha-dep-lung-linh-mat-tien-duong-7m5-le-10m-truc-kinh-doanh-cuc-ky-sam-ua-16339169.html","6,5 tỷ","90 m2","Đường Lê Kim Lăng","Phường Hòa Thọ Đông","Quận Cẩm Lệ","Đà Nẵng","Nhà mặt tiền","5m","18m","_","7,5m","3","4","Có","Có","Có","Có","---"
"https://alonhadat.com.vn/ban-nha-moi-dep-kiet-o-to-113-hoang-van-thai-82m2-gia-chi-2-29-ty--16311761.html","2,29 tỷ","82 m2","Đường Hoàng Văn Thái","Phường Hòa Khánh Nam","Quận Liên Chiểu","Đà Nẵng","Nhà trong hẻm","5,2m","16m","_","4m","1","2","Có","Có","---","Có","---"
"https://alonhadat.com.vn/ban-nha-ke-duong-10m5-o-to-do-ngo-quyen-son-tra-51m2-ngang-4m-3pn-chi-4-x-ty-16362775.html","4,5 tỷ","51 m2","Đường Ngô Quyền","Phường Mân Thái","Quận Sơn Trà","Đà Nẵng","Nhà trong hẻm","4m","12,8m","_","3m","3","3","Có","Có","---","---","---"
"https://alonhadat.com.vn/-ban-dat-tang-nha-c4-vai-buoc-ra-bo-song-han-vi-tri-sieu-vip-pho-hai-chau-an-ninh-to-16362648.html","4,65 tỷ","70 m2","Đuờng Hoàng Tích Trí","Phường Thuận Phước","Quận Hải Châu","Đà Nẵng","Nhà mặt tiền","5m","15m","_","7m","1","2","Có","Có","Có","Có","---"
"https://alonhadat.com.vn/chinh-chu-ban-nha-c4-xac-dinh-bang-gia-dat-100m2-duong-7m5-khu-nai-hien-dong-4-5ti-16361303.html","4,5 tỷ","100 m2","Đường Vũng Thùng 2","Phường Nại Hiên Đông","Quận Sơn Trà","Đà Nẵng","Nhà mặt tiền","5m","20m","_","7,5m","1","2","Có","Có","---","Có","---"
"https://alonhadat.com.vn/ban-nha-2-tang-to-hien-thanh-canh-trung-tam-tai-chinh-quoc-te-100m2-vuong-dep-16166150.html","11 tỷ","101 m2","Đường Tô Hiến Thành","Phường Phước Mỹ","Quận Sơn Trà","Đà Nẵng","Nhà mặt tiền","5m","---","_","6m","2","3","Có","Có","Có","Có","---"
"https://alonhadat.com.vn/chu-lam-an-co-loc-nen-doi-nha-kinh-doanh-lon-hon-mat-tien-huy-can-16362704.html","5,8 tỷ","76 m2","Đường Huy Cận","Phường Hòa Cường Bắc","Quận Hải Châu","Đà Nẵng","Nhà mặt tiền","4,5m","16m","Nam","5,5m","2","3","Có","Có","Có","Có","---"
"https://alonhadat.com.vn/ban-nha-2-tang-kiet-o-to-duong-ha-bong-cach-bien-vai-buoc-chan-gia-chi-nhinh-7-ty--16359285.html","7,2 tỷ","65 m2","Đường Hà Bổng","Phường Phước Mỹ","Quận Sơn Trà","Đà Nẵng","Nhà trong hẻm","4,5m","---","_","5m","2","3","---","---","---","---","---"
"https://alonhadat.com.vn/ban-nha-khu-son-thuy-ngu-hanh-son-2-tang-60m2-3pn-nhinh-3-ty-16362701.html","3,55 tỷ","60 m2","Đường Đặng Thái Thân","Phường Hòa Hải","Quận Ngũ Hành Sơn","Đà Nẵng","Nhà trong hẻm","7,5m","8m","_","5m","2","3","---","---","---","---","---"
"https://alonhadat.com.vn/nha-moi-o-ngay-dang-thai-than-gan-khu-lien-co-ngu-hanh-son-60m2-nhinh-3-ty-16362682.html","3,55 tỷ","60 m2","Đường Đặng Thái Thân","Phường Hòa Hải","Quận Ngũ Hành Sơn","Đà Nẵng","Nhà trong hẻm","7,5m","---","_","5m","2","3","---","---","---","---","---"
"https://alonhadat.com.vn/-gap-ban-nhanh-nha-2-tang-2-mat-tien-ngang-rong-6-5m-duong-vo-van-kiet-gia-sup-ham-16157538.html","9,5 tỷ","85 m2","Đường Võ Văn Kiệt","Phường Phước Mỹ","Quận Sơn Trà","Đà Nẵng","Nhà trong hẻm","6,5m","---","_","5,5m","2","3","Có","Có","Có","Có","---"
"https://alonhadat.com.vn/ban-nha-sat-nguyen-van-thoai-135m-gan-bien-my-khe-vua-o-vua-kinh-doanh-16359707.html","10,1 tỷ","135 m2","Đường Nguyễn Văn Thoại","Quận Sơn Trà","Đà Nẵng","","Nhà trong hẻm","6,1m","---","_","5m","1","3","---","---","---","Có","---"
"https://alonhadat.com.vn/ban-nha-2-tang-3-mat-kiet-o-to-nui-thanh-hoa-cuong-bac-da-nang-dong-tien-12-thang-16359866.html","5,1 tỷ","56 m2","Đường Núi Thành","Phường Hòa Cường Bắc","Quận Hải Châu","Đà Nẵng","Nhà trong hẻm","5,5m","---","_","5m","2","3","Có","Có","Có","Có","---"
"https://alonhadat.com.vn/sieu-pham-nha-trung-tam-me-nhu-giam-chao-cuc-manh-chi-con-duoi-3ty-nha-2-tang-16139983.html","2,78 tỷ","43 m2","Đường Mẹ Nhu","Phường Thanh Khê Tây","Quận Thanh Khê","Đà Nẵng","Nhà trong hẻm","5m","9m","Đông Bắc","3m","2","3","Có","Có","---","Có","---"
"https://alonhadat.com.vn/-nha-4tang-3me-mong-bang-len-duoc-5-tang-80m2-duong-7-5m-phuoc-my-son-tra-gia-tot-9xty-16358017.html","9,2 tỷ","80 m2","Đường Nguyễn Đức An","Phường Phước Mỹ","Quận Sơn Trà","Đà Nẵng","Nhà mặt tiền","5m","16m","Nam","7,5m","4","4","Có","Có","Có","Có","---"
